{
    "$schema": "https://schema.management.azure.com/schemas/2015-01-01/deploymentParameters.json#",
    "contentVersion": "1.0.0.0",
    "parameters": {      
        "botServiceName": {
            "value": ""
        },
        "botDirectLineChannelKey": {
            "value": ""
        },
        "searchCloudType": {
            "value": ""
        },
        "azureSearchName": {
            "value": ""
        },
        "azureSearchKey": {
            "value": ""
        },
        "azureSearchAPIVersion": {
            "value": "2021-04-30-Preview"
        },
        "blobSASToken": {
            "value": ""
        },
        "azureOpenAIName": {
            "value": ""
        },
        "azureOpenAIAPIKey": {
            "value": ""
        },
        "azureOpenAIModelName": {
            "value": ""
        },
        "azureOpenAIAPIVersion": {
            "value": "2023-03-15-preview"
        }
    }
}
 